하천명,시점위치(위도),시점위치(경도),종점위치(위도),종점위치(경도)
금호강,35.961786,128.9504387,35.8169444,128.4811111
청통천,36.0142471,128.7605468,35.8169444,128.4811111
신녕천,36.0382044,128.7177759,35.8169444,128.4811111
자호천,36.1003528,129.0927674,35.8169444,128.4811111
하거천,36.1395779,129.0299362,35.8169444,128.4811111
상신천,36.0693872,129.0824445,35.8169444,128.4811111
선원천,36.0697318,128.9922003,35.8169444,128.4811111
임고천,36.0561336,129.1176479,35.8169444,128.4811111
고촌천,35.9330137,129.1142234,35.8169444,128.4811111
북안천,35.8959165,129.0214769,35.8169444,128.4811111
대창천,35.8563166,128.958878,35.8169444,128.4811111
부기천,35.9668587,128.9313333,35.8169444,128.4811111
팔거천,36.0190101,128.5306874,35.8977207,128.5384471
동화천,35.9893857,128.7111149,35.8169444,128.4811111
도곡천,35.9329356,128.58996,35.9280371,128.5993316
웃빠골천,35.930201,128.6068119,35.921813,128.6001366
연경천,35.958879,128.6133444,35.958879,128.6133444
아꾸럼천,35.9016161,128.5172772,35.9011776,128.5127263
문주천,35.9075046,128.5262846,35.8938662,128.5202683
사방하천,35.9702778,128.5425,35.9035662,128.526105
서리골천,35.9662469,128.5632805,35.9670613,128.5667727
반포천,35.967202,128.5887765,35.9494385,128.5800479
금강,36.046705,126.8602557,36.01929,126.7671648
만경강,35.9274817,126.8557304,35.8889537,126.7329283
고척천,35.9766145,126.8319889,35.91882,126.8407765
미제천,35.9452072,126.6939013,35.8842377,126.7348408
경포천,35.9567836,126.7247581,35.985044,126.7299766
옥회천,35.9484786,126.787715,35.9027218,126.7292311
동천,35.0991818,126.99708,35.05166,126.982538
만연천,35.0789891,126.9852609,35.05166,126.982538
벌고천,35.0774556,126.9649966,35.05166,126.982538
웅곡천,35.0521462,126.9399142,35.05166,126.982538
도곡천,35.0786342,126.9134792,35.0069384,126.9105316
춘양천,34.9062411,126.9308003,34.9414273,126.9496022
석정천,34.9365222,126.9326706,34.9414273,126.9496022
회송천,34.9437801,126.9455574,34.9414273,126.9496022
광대천,34.969978,126.9535525,34.9414273,126.9496022
한천천,34.984943,127.0437518,34.9703331,127.0331724
결우천,34.9969389,126.9945159,34.9983599,127.0479016
정승천,34.9892659,126.9838335,34.9703331,127.0331724
외남천,34.9436369,127.0468116,35.0677276,127.1249387
고방천,34.9415054,127.0766881,34.9703331,127.0331724
도치천,34.977168,127.0581033,34.9703331,127.0331724
송산천,34.950625,127.0898227,35.0020876,127.124659
화순천,35.0991818,126.99708,35.0069384,126.9105316
복림천,35.0529125,127.0871929,35.0411179,127.0433967
운곡천,35.0107793,127.0378958,35.0411179,127.0433967
대포천,35.0137481,127.0326648,35.0411179,127.0433967
주토천,36.0629895,127.5815202,36.0410524,127.6076162
신성천,35.0144499,126.8972225,35.0069384,126.9105316
유곡천,34.9747393,126.9170985,35.0069384,126.9105316
쌍옥천,34.9784658,126.897499,35.0069384,126.9105316
대초천,34.8861024,126.9006757,34.9124552,126.8896167
정천,34.9023023,126.8983543,34.9124552,126.8896167
지석천,34.854173,127.0523672,34.9414273,126.9496022
송석천,34.9009186,127.0753149,34.8910196,127.0300653
어시천,34.9132871,127.0680034,34.8910196,127.0300653
운수천,34.9299623,127.0490605,34.8910196,127.0300653
쌍봉사천,34.8753266,127.0712682,34.8910196,127.0300653
서원천,34.8750762,127.0555645,34.8910196,127.0300653
사은천,34.8639832,127.0458187,34.8910196,127.0300653
추동천,34.8552612,127.0223905,34.8910196,127.0300653
송정천,34.8505681,127.0000661,34.8910196,127.0300653
활용천,34.8882757,127.0204185,34.8910196,127.0300653
이양천,34.8825422,126.9962782,34.8910196,127.0300653
오유천,34.9039531,127.007577,34.8910196,127.0300653
청풍천,34.8442814,126.9309106,34.8760764,126.9537646
세청천,34.9003211,126.9691774,34.8760764,126.9537646
강변천,34.8384049,126.9375339,34.8760764,126.9537646
차천,34.8718453,126.9501113,34.8760764,126.9537646
백운천,34.8852107,126.9277207,34.8760764,126.9537646
대비천,34.8963975,126.9444035,34.8760764,126.9537646
안성천,35.101064,127.1392895,35.042036,127.1154403
율곡천,35.0934407,127.1527862,35.042036,127.1154403
구암천,35.0591843,127.1369439,35.0677276,127.1249387
유천천,35.0474462,127.1757776,35.0677276,127.1249387
가수천,35.1090866,127.1714071,35.042036,127.1154403
대곡천,34.986728,127.1103838,35.0020876,127.124659
내남천,35.028602,127.1731768,34.9791667,127.1508333
평촌천,35.0332359,127.1361093,34.9791667,127.1508333
오룡천,35.0308011,127.1017789,34.9791667,127.1508333
송암천,35.0168107,127.1371256,34.9791667,127.1508333
동복천,35.1774817,127.1815717,34.9383133,127.1846569
길성천,35.1605718,127.1434381,35.0677276,127.1249387
내북천,35.1478217,127.1847008,35.0677276,127.1249387
수리천,35.1327794,127.1382475,35.1625885,127.1402974
이서천,35.1327584,127.0310801,35.0677276,127.1249387
장복천,35.1113331,127.0252465,35.1066064,127.068892
안심천,35.0941804,127.0431366,35.1066064,127.068892
남 천,35.1860005,127.0407678,35.0677276,127.1249387
봉학천,34.876083,126.8261525,34.9454882,126.8933803
승재천,36.0580882,127.5713258,36.0806952,127.5651869
현내천,36.0332113,127.5722175,36.0803584,127.5630605
부리천,36.0535959,127.5377575,36.0655584,127.557416
선원천,36.0708489,127.5480534,36.0646652,127.5604443
압수천,36.0699361,127.6002129,36.0859625,127.568368
원통천,36.0741777,127.6188285,36.0857597,127.5943143
봉황천,36.0898097,127.4252255,36.1178101,127.5619151
역평천,36.0627776,127.4013291,36.0446078,127.4378386
대양천,36.0300982,127.4127011,36.043869,127.4255571
궁동천,36.0779876,127.4168763,36.0446078,127.4378386
신정천,36.0071715,127.5122839,36.0307366,127.5103408
신동천,35.9895643,127.4811306,36.0098117,127.5137374
보석천,36.0655713,127.4589311,36.0374416,127.515011
성곡천,36.0740306,127.4849806,36.0514592,127.4915616
관천,36.0651812,127.5288829,36.0828865,127.5085472
금산천,36.1036109,127.4674406,36.0979175,127.5155587
후곤천,36.1075,127.4672222,36.1028158,127.49909
기사천,36.1237684,127.4485763,36.1075994,127.5387765
개성천,36.1473856,127.4522723,36.1309626,127.4699051
오룡천,36.1163737,127.4575546,36.1268001,127.4848311
외부천,36.1620802,127.4702353,36.1227531,127.4978004
대암천,36.1613525,127.4902835,36.156174,127.4931406
조정천,36.1919702,127.5237522,36.1176895,127.5554118
추풍천,36.1750074,127.4590061,36.2358619,127.5166793
서대천,36.2051647,127.5187936,36.2259213,127.5061933
성당천,36.240625,127.5319528,36.2345013,127.5146205
상곡천,36.1949592,127.5575428,36.2160073,127.566959
갑천,36.1530556,127.3352778,36.154588,127.3328485
유등천,36.1582662,127.3969126,36.2520574,127.3766891
삼가천,36.1224086,127.3944054,36.158022,127.3974322
진산천,36.133571,127.359934,36.158022,127.3974322
금성천,36.1783176,127.4413361,36.1639117,127.3971467
지방천,36.1534074,127.3569441,36.2068756,127.3807381
세골천,36.0979091,127.4828497,36.0981937,127.4863146
신대리천,36.0879045,127.4890851,36.0933262,127.5094777
음지2리천,36.0906203,127.4587117,36.0999322,127.4715973
상어동천,36.0860642,127.4626311,36.0937351,127.4641235
보티천,36.0930815,127.4450295,36.1004311,127.4533933
계진천,36.0872069,127.4706955,36.1013719,127.4723406
왜정골천,36.0964271,127.4438928,36.0997476,127.4473255
둑실천,36.1376386,127.4468773,36.1365904,127.4604155
의총유지천,36.151044,127.4667387,36.1360213,127.4981273
상촌천,36.1119801,127.4391211,36.1229917,127.4404779
상탄천,36.1286022,127.4300722,36.1229917,127.4404779
상가천,36.1280745,127.4412176,36.1280191,127.4533258
갈골천,36.1412746,127.4641065,36.1305116,127.4753581
왜벌천,36.1631552,127.4952592,36.1605544,127.491157
왕재골천,36.1686587,127.4938802,36.1609741,127.4908032
도곡천,36.1113318,127.4455179,36.1160783,127.4564393
신방천,36.1595732,127.5503376,36.1230719,127.5429392
신안곡천,36.1715096,127.5819353,36.1215224,127.5688061
천황천,36.1279172,127.5561786,36.1184843,127.5540745
바래실천,36.1352616,127.5228048,36.1305999,127.5387974
금성골천,36.0967992,127.5579294,36.1001675,127.5858007
흰바위천,36.1017614,127.5437386,36.1078221,127.5459785
흰바위2천,36.0994456,127.538421,36.1077765,127.5452371
수당천,36.1254136,127.5242786,36.1064329,127.5230237
구상천,36.1410886,127.5356777,36.1401307,127.531127
길곡천,36.1657962,127.5624855,36.1516169,127.5728195
재두천,36.1446802,127.5631644,36.1527977,127.5705002
화원골천,36.1631844,127.5861381,36.1598411,127.5764439
천내천,36.111482,127.5991391,36.1147883,127.5955533
더덕골천,36.0859091,127.5363965,36.0991867,127.5311488
기물천,36.0832123,127.5454339,36.1004512,127.5316643
예미천,36.065466,127.5675816,36.0767232,127.5695294
노티천,36.0402298,127.5543853,36.0506104,127.5591962
불이동천,36.0572112,127.5457815,36.0628834,127.5489027
가마실천,36.14393,127.493894,36.1368152,127.4998402
보광천,36.203724,127.5426882,36.2085037,127.5663609
안보광천,36.2115778,127.5488405,36.2071718,127.5537631
호티천,36.1245554,127.5077148,36.118885,127.5041087
배원이천,36.1255052,127.5129758,36.1123082,127.512038
시드물천,36.1815803,127.5424387,36.131883,127.500334
안가마실천,36.1815803,127.5424387,36.1381994,127.5041178
새터천,36.1454413,127.5024036,36.1394962,127.4973079
생이지골천,36.1470669,127.5032653,36.142027,127.4957789
헌터골천,36.1629051,127.5184902,36.1605679,127.5273069
노른이천,36.1655104,127.5331945,36.1615843,127.5277092
통점천,36.1768448,127.5069698,36.1767112,127.5240421
모두검터천,36.1963425,127.5202043,36.1884024,127.522366
황골천,36.1975507,127.5307725,36.1899061,127.523907
지내말천,36.2149301,127.5798662,36.2119051,127.5692252
죽말천,36.2026848,127.5821559,36.2065137,127.569846
자전리천,36.1921112,127.5793513,36.198061,127.5640783
아랫자전천,36.1861771,127.5799715,36.1906779,127.5757414
사기점천,36.1881718,127.5457978,36.1949592,127.5575428
두두천,36.1733587,127.5389007,36.169111,127.5249283
일월이재천,36.1470379,127.5222411,36.1511134,127.5284348
말거리천,36.1906198,127.5607524,36.1949592,127.5575428
안골남이천,36.1906198,127.5607524,36.1949592,127.5575428
신천천,36.0323272,127.4909795,36.040416,127.5060534
황풍천,36.0824045,127.4985918,36.0834959,127.5063509
사미실천,36.077129,127.5017974,36.0787109,127.5073503
평대천,36.027,127.5183001,36.0305699,127.5124501
홍도천,36.0178773,127.5283452,36.0181652,127.5115398
원동천,36.0051916,127.5243189,36.0105382,127.5136513
솔재천,35.987605,127.5130432,36.0068385,127.5115729
사기소천,36.0085988,127.4911093,36.0014607,127.4903433
수천리천,35.9995892,127.501078,36.0070631,127.5001237
다리골천,36.0617278,127.5144093,36.0605654,127.508345
신대천,36.0539173,127.4317689,36.0545782,127.4368361
증평천,36.0687104,127.4441369,36.0604153,127.4334811
간은천,36.0936224,127.4183238,36.0719693,127.4269634
건천1천,36.0768777,127.3938078,36.088613,127.3602087
가오리천,36.0715975,127.4040068,36.065895,127.4004811
도랫모퉁이천,36.0699752,127.412459,36.0610691,127.4138693
중역평천,36.050254,127.4144299,36.0521601,127.4187648
계동천,36.0459461,127.4173501,36.0481309,127.422492
백암천,36.041398,127.3977912,36.0382156,127.4169433
광대천,36.036417,127.3979713,36.0387156,127.4201402
두문동천,36.0261677,127.3913791,36.0302764,127.4123015
용동천,36.0455781,127.4495388,36.039315,127.4447758
소티천,36.0305262,127.4583605,36.0251725,127.4529171
광대정천,36.0158065,127.4426563,36.0177587,127.4570955
매곡천,36.0375548,127.4825369,36.0425346,127.5025641
원석동천,36.043851,127.4709905,36.0506866,127.4769912
건천2천,36.0682858,127.3683232,36.0815628,127.3688132
유곡천,36.0162684,127.4010295,36.0217116,127.4000089
개삼천,36.0759271,127.4705762,36.0740306,127.4849806
만악천,36.1476281,127.4366335,36.1472277,127.4110792
엄정천,36.1285499,127.4180238,36.1483557,127.4082923
청강수천,36.1100777,127.4198654,36.1215268,127.393137
심방골천,36.1535998,127.3558903,36.1328196,127.3552221
초미동천,36.1580452,127.4470501,36.146395,127.43006
가막골천,36.1294309,127.3762367,36.1446659,127.3933929
방각골천,36.1308671,127.3856828,36.1333107,127.3900036
봄자리골천,36.1105974,127.3612991,36.0906783,127.3595197
갈막천,36.0967125,127.3767239,36.0887105,127.3604462
석막천,36.1206719,127.3697774,36.1217079,127.3933767
진밭들천,36.1714002,127.33449,36.1742342,127.3457502
원골천,36.1782869,127.3351287,36.1747525,127.3458304
장대울천,36.1766947,127.3569332,36.1766947,127.3569332
터골천,36.1766947,127.3569332,36.1766947,127.3569332
재실말천,36.1766947,127.3569332,36.1766947,127.3569332
하막현천,36.2050708,127.3637316,36.2028814,127.3682858
교촌천,36.1584295,127.3786331,36.1511169,127.3810133
가왕천,36.1879886,127.4266828,36.1777629,127.3941043
장암천,36.1643735,127.4438288,36.17092,127.4291435
자라진천,36.1794971,127.4328157,36.1756254,127.4355419
장전천,36.1790159,127.4478074,36.1787506,127.4410409
신촌천,36.178917,127.4248129,36.1716557,127.4297422
오곡천,36.1595272,127.4292257,36.1634221,127.4218131
월곡천,36.1665246,127.4176578,36.1612103,127.4168624
수영골천,36.171462,127.3817296,36.1694061,127.3936116
바탕골천,36.1945976,127.4106388,36.1844705,127.4124336
두만리천,36.1950479,127.4180939,36.1865229,127.4204633
개티천,36.1861432,127.3693931,36.1845347,127.378599
백암천,36.2054446,127.3984207,36.1911761,127.3871787
적귀천,36.21013,127.3877209,36.2096399,127.3828051
절골천,36.2002327,127.3750683,36.2018781,127.3791613
석막천,36.2115958,127.3711422,36.2140514,127.3790082
문암천,36.226598,127.3975786,36.2252991,127.3783807
지량천,36.2596058,127.3718353,36.2621443,127.3807754
안개티천,36.1797816,127.3715651,36.1838419,127.3788762
다복천,36.1590505,127.4241816,36.161154,127.4195015
목소천,36.1750686,127.4202131,36.1770671,127.4104538
추정천,36.1724728,127.4675431,36.1906688,127.4770488
마전천,36.1879133,127.4489978,36.1875214,127.4630309
용지천,36.1659755,127.4593744,36.1775781,127.4599546
태봉천,36.193172,127.4521829,36.1900496,127.4679679
미삭리천,36.2007512,127.4635948,36.1982049,127.481099
마음동천,36.2058476,127.4703554,36.2011903,127.4816692
남산천,36.1944689,127.4911313,36.2019004,127.4832231
장대천,36.1862108,127.4950322,36.1879162,127.4772108
장산리천,36.2209963,127.4854475,36.2145763,127.4940121
원당천,36.2266479,127.498144,36.2251273,127.504562
수통골천,36.2148909,127.523739,36.2153689,127.516221
박오재천,36.2101466,127.4967544,36.213286,127.4930204
골말천,36.2105086,127.475456,36.2051562,127.484059
상촌천,36.2024772,127.4956116,36.2058026,127.4869404
등기골천,36.2175509,127.5219769,36.2172707,127.515711
금동천,36.2295286,127.5191112,36.2342209,127.5144451
재말골천,36.2420147,127.5314119,36.2391126,127.5275944
말랭이천,36.2401503,127.5319409,36.2386568,127.5279718
동석천,36.2071424,127.5240485,36.2077459,127.5189299
구럿들천,36.2042054,127.5209546,36.2077459,127.5189299
미호강,36.9432583,127.4590515,36.7757096,127.5193079
구암천,36.9710578,127.4258353,36.9410917,127.4411374
군자천,36.9388829,127.6904779,36.8623216,127.5666935
백곡천,36.8963483,127.3138775,36.6847285,127.4450047
보강천,36.7979566,127.589951,36.6847285,127.4450047
성암천,36.844324,127.360536,36.6283272,127.4913407
장량천,36.9453343,127.3947652,36.9190691,127.4331203
초평천,36.8684921,127.5999844,36.8050712,127.5179376
칠장천,37.0082222,127.4367463,36.9333397,127.4661864
한천,36.9388829,127.6904779,36.8596552,127.5124575
미호천,36.9333397,127.4661864,36.9432583,127.4590515
한강,36.9454457,128.0250168,37.1966131,127.7401461
달천,36.9071485,127.895075,36.9884551,127.8890921
동달천,36.9423501,127.478376,36.90772,128.1695119
조동천,37.027154,127.968313,37.027154,127.968313
석문동천,36.8289519,128.0697574,36.9213192,127.9192002
설운천,36.9102311,127.9844976,36.9213192,127.9192002
요도천,36.9874556,127.6677943,36.965944,127.8846915
영평천,37.0175982,127.807275,36.9495339,127.8523076
충주천,36.9400043,127.9734488,36.990239,127.9144581
교현천,36.9718658,127.9589331,36.9711246,127.9300331
하구암천,37.0378273,127.8312006,36.9872192,127.9282976
대전천,37.0480209,127.9619655,37.042471,127.922249
영덕천,37.080675,127.9569195,36.9737386,127.933219
송강천,37.080675,127.9569195,37.0719895,127.9321155
원곡천,37.13912,127.9082539,37.0719895,127.9321155
구룡천,37.1348809,127.8824555,36.9872192,127.9282976
오량천,37.1213119,127.8479114,36.9872192,127.9282976
한포천,37.0651088,127.6998996,36.9872192,127.9282976
앙성천,37.0991203,127.7146463,36.9872192,127.9282976
운계천,37.1632671,127.8838376,36.9872192,127.9282976
비산천,36.9862173,127.7831509,36.9862173,127.7831509
가래울천,37.141174,127.7274394,37.1526202,127.7328392
가신제천,37.0724702,127.7220983,37.0488654,127.7251233
가청천,37.1065178,127.8582931,37.101686,127.8479515
가춘천,37.1469702,127.9427384,37.1343625,127.9448184
간장골천,37.1363642,127.7424028,37.141229,127.7377232
갈동천,37.016837,127.8397678,37.0190457,127.8473388
갈치천,36.9872192,127.9282976,37.1108835,127.7487689
갓도장천,37.0278201,127.824068,37.0337464,127.8286809
강현천,37.0946384,127.8898723,37.0908765,127.9011062
개간지천,36.982909,127.8622483,36.9799662,127.8546656
거리천,36.9839239,127.8460303,36.9692498,127.8464321
검단천,37.1898108,127.7296206,37.1891879,127.7473964
검은정천,37.1644151,127.7144238,37.1628293,127.7194676
계척천,37.0846645,127.940487,37.0764257,127.9426858
고든골천,36.9491756,127.9703858,36.9370371,127.9800055
고진이천,37.1215044,127.8862329,37.1122028,127.8800304
골대방천,37.0292531,127.7739807,37.0402287,127.7794572
골양천,37.0809753,127.9792474,37.0805588,127.972726
공이천,36.8677867,128.0338772,36.9062568,128.0624139
관동천,36.8523975,128.0036506,36.8486232,127.9893902
관주천,36.9458694,127.936322,36.953739,127.9182782
광대울천,37.034652,127.7355065,37.0452778,127.7462365
광동천,37.0997933,127.9885441,37.0912333,127.9628119
광벌천,36.9860914,127.6631453,36.9895347,127.6677789
구라우천,37.0343372,127.8147495,37.0372473,127.8178489
구른천,36.8912793,127.9654451,36.8857372,127.9525031
구정골천,37.0446519,127.8171732,37.0375603,127.8203997
궁골천,36.9213287,127.8608574,36.9152459,127.8592002
궁들천,37.0999285,127.7626145,37.1038994,127.7613173
궁평천,37.0857233,127.7497045,37.1060538,127.7636656
귀댕이천,36.8924583,127.957266,36.8870015,127.951114
귀래골천,37.0586496,127.9255604,37.0723235,127.9243529
귀양골천,36.9130954,127.9671764,36.9036484,127.9654298
금곡천,36.948259,127.8139701,36.99561,127.8472331
금곡천,36.9878993,127.9446672,36.9906471,127.9388247
금잠천,37.0318253,128.0738127,37.0201435,128.064203
기골천,36.8343841,128.0253988,36.8386922,128.0227584
깊은골천,36.9958406,127.6928085,37.0009565,127.6963515
까치골천,37.0078179,127.8360745,37.0093339,127.8418951
남악천,37.0105127,127.6701109,37.005054,127.6723538
내계천,37.0804108,127.8921606,37.0768914,127.8980027
내오량천,37.1353132,127.8455165,37.124069,127.846431
내용천,36.9844946,127.7249098,37.0020917,127.7557115
내창천,37.0988119,127.9255676,37.0941627,127.9292778
넙적골천,37.1711698,127.7255093,37.1870603,127.7427833
논강천,37.1178504,127.9076458,37.0714654,127.8929903
논동천,37.0862543,127.8096711,37.0883558,127.7945361
늘아티골천,36.9905389,127.9571541,36.990873,127.9473042
능골천,36.9574061,127.8277126,36.9678681,127.8273137
능암천,37.0790747,127.7968591,37.0906923,127.8007101
다랑골천,37.0991045,127.7639098,37.1019439,127.771372
다래실천,37.13912,127.9082539,37.1364132,127.9106883
다리골천,37.026918,127.999119,37.0307465,127.9946476
단월천,36.9540994,127.9128993,36.9603233,127.8934522
단지천,37.1231687,127.8532989,37.1229832,127.8472494
달마실천,37.0706796,127.8692364,37.0737084,127.8759063
달신천,36.9634588,127.9183896,36.9802385,127.9021402
담안천,36.9908918,127.6991844,37.0037588,127.7012015
대가주천,36.9304688,127.8902056,36.9387851,127.8907047
대곡천,36.9525579,127.7591691,36.9595466,127.7662293
대곡천,37.054677,127.7953901,37.0545334,127.8020842
대모천천,37.0501261,127.9855146,37.0301786,127.9730963
대미천,37.0465872,127.9342088,37.0406178,127.9273053
대소강천,37.1014737,127.9825444,37.0958566,127.965002
대촌천,37.0978823,127.7077134,37.1019617,127.7135916
대촌천,37.0774394,127.8150453,37.0825318,127.8182665
대향산천,36.9294078,127.9569754,36.9224961,127.9404955
덕독천,37.0579568,127.9707733,37.0721305,127.9559114
덕련천,37.0151141,127.7614349,36.9983,127.7690481
덤바위골천,36.9229998,127.8500296,36.918422,127.851033
도덕천,37.077256,128.0225789,37.0708954,128.0199138
도선동천,36.9354342,127.9880405,36.9345679,127.9971681
도원천,37.0165118,127.6622449,37.0033919,127.6786629
도장골천,36.9951142,127.6906701,37.0003676,127.6925164
도장골천,36.9740029,127.9631525,36.9791391,127.9473756
도장천,36.9439406,127.9284208,36.9495588,127.9417934
독정천,36.9554866,127.8682524,36.9564879,127.8686338
돈담천,37.0924464,127.7818183,37.0972078,127.791297
동락천,36.9574239,127.9403124,36.9939693,127.6792152
동막골천,37.0675946,127.7269698,37.0581485,127.7221147
동막천,37.0654267,127.8034439,37.0602079,127.8129136
동막천,37.1501668,127.7071825,37.1509937,127.7187381
동막천,37.1159548,127.8958581,37.0996414,127.8809895
동막천,36.9244349,127.8995981,36.9179132,127.9165028
동산골천,36.9842101,127.8761564,36.987841,127.8753208
동암천,37.0827725,127.7846256,37.0968782,127.7929014
동진이천,36.850805,128.0093606,36.845593,127.9953866
두담천,36.9396008,127.838715,36.939716,127.851422
두련천,36.993751,127.8562539,37.0109768,127.8668689
둔대천,37.0813744,127.9816363,37.0736914,127.9662257
뒷골천,36.9803544,127.779804,36.9732494,127.780061
마당터천,36.9902693,127.8666852,36.994891,127.8684994
마수천,36.9784963,127.7473835,36.9936779,127.7508456
마실천,37.0406655,128.0052185,37.0321089,128.01233
마장천,37.0933589,127.7708572,37.100202,127.7754506
마치천,36.9872192,127.9282976,36.9872192,127.9282976
막흐르기천,37.0871296,127.8606275,37.0846928,127.8680099
만적천,36.9521372,127.8516828,36.9663038,127.8585171
매남천,37.0243666,127.7976527,36.9929688,127.8024604
매산천,36.9034694,127.864504,36.9098395,127.873877
매차골천,37.0404787,127.9858317,37.0401211,127.9786593
명지동천,37.1218088,127.9142567,37.1244117,127.9192298
모점천,37.1455218,127.7169094,37.1689378,127.7556342
목골천,37.0418636,127.8499667,37.0367166,127.8236447
목동천,36.946677,127.7915009,36.2633951,127.5823789
목미천,37.1385579,127.7362959,37.1617131,127.7482534
묘곡천,37.0483464,127.8465094,37.0312786,127.8434395
무지지천,37.0590473,127.7993422,37.0575827,127.8045733
문곡천,37.0217765,127.9045906,37.0138085,127.9092223
문산천,36.8989992,127.9502188,36.8883579,127.9474577
문성천,37.0556809,127.742061,37.0463132,127.7433339
물멕이천,36.9138769,127.9636903,36.9051189,127.9596372
물탕골천,36.8943695,128.0072708,36.9018124,128.0039992
미락골천,37.1481421,127.9576381,37.1449057,127.9525436
미락천,36.9498585,127.7908152,36.9574166,127.7854945
미륵천,37.0044314,127.9398697,37.0060746,127.9148484
민봉천,37.0359483,127.9974312,37.0312106,127.993278
발화천,36.8177912,128.0074493,36.8233759,128.0060654
방대천,37.0626298,128.0813849,37.0624281,128.0532637
배일천,37.0523543,127.9424373,37.0513846,127.9316614
버들골천,37.0159414,127.7570802,37.0073035,127.7653147
벌미천,36.9319681,127.8409764,36.9872192,127.9282976
벌천천,37.107816,127.7953557,37.1098286,127.8098169
법동천,37.0401893,127.6880432,37.0493624,127.713893
법의천,36.972423,127.9763687,36.9717639,127.9597249
법현천,37.016837,127.8397678,37.0227569,127.8389272
보령천,37.0546898,127.7676686,37.043841,127.7935459
보사골천,36.8981716,128.0246752,36.9066915,128.0155432
복계천,36.8476452,128.0221819,36.8395211,128.0161841
복탄천,37.1085872,127.8360456,37.0977206,127.826437
본리천,36.9958078,127.8475436,36.9750269,127.8305686
본복천,37.1212025,127.735531,37.1112468,127.7401935
본평천,37.0962697,127.7306562,37.1102735,127.7488562
부연천,36.9487991,127.8334662,36.9672891,127.8425766
분터골천,37.0430271,127.9430254,37.0369107,127.9407761
사락천,37.0134255,127.7916093,36.994197,127.7975591
사랑골천,37.0493092,127.9120339,37.0451052,127.9042478
사래실천,37.0089086,127.9683456,37.0179839,127.9637105
사리골천,37.10755,127.781543,37.102672,127.7798481
사시골천,37.1060925,128.0268861,37.1073471,128.0311129
사이박천,37.1392543,127.883703,37.1371648,127.8813931
산막천,37.1281783,127.7846192,37.1340786,127.7919364
산배실천,36.9733134,127.8692553,36.9677255,127.85725
산정천,36.9520428,127.873964,36.9444826,127.874591
살구골천,36.9135542,127.9944334,36.90894,127.9830256
삼당천,37.1225648,127.7280058,37.1086091,127.7290777
삼방천,36.9422401,127.7730438,36.9726258,127.808093
삼밭골천,37.0807816,128.0114465,37.0771386,128.0132233
상가홍천,37.0743759,127.8666879,37.0785424,127.8620151
상검단천,36.9781503,127.8711753,36.9684852,127.8656403
상구천,37.0343816,127.8130786,37.0376799,127.8195488
상금곡천,36.9565819,127.8127726,36.9574067,127.8189961
상대촌천,37.0875086,127.718488,37.1023531,127.7087815
상산천,37.1141846,127.9724871,37.1065841,127.9640283
상영천,37.0689191,127.9494772,37.0749204,127.9451485
상율천,37.1339608,127.7282573,37.1335188,127.7342468
상제천,37.0538843,127.7516876,37.0456925,127.7534344
상촌천,37.134513,127.8281177,37.1140676,127.818951
새말천,36.9785988,127.7283849,36.9861107,127.7446701
새매개천,37.0896019,127.9833879,37.0914538,127.9788517
새터골천,36.9649309,127.796191,36.9699432,127.7912592
새터천,36.9943708,127.6568837,36.9977339,127.6648364
새한천,37.0143031,127.9284082,37.0040298,127.9332536
서대천,37.0848873,128.0148473,37.0634019,128.0189125
석교천,37.0119268,127.8906258,37.0098188,127.8789533
석문천,37.1027518,128.0266416,37.1117585,128.0355628
선당천,36.987973,127.7088781,36.9948116,127.720033
성동천,36.9920674,127.7853259,36.9856649,127.7880755
성지골천,36.9422401,127.7730438,36.9490374,127.7804497
세포천,37.1449691,127.8313763,37.1518829,127.832771
소가주천,36.9327285,127.88392,36.9390372,127.889616
소남천,37.0374356,127.7813394,37.0407931,127.7842813
소모천천,37.0420935,127.9798511,37.0367278,127.9735698
소용천,36.9290253,127.8621406,36.9395222,127.8612041
소일천,36.9875455,127.863706,37.0013361,127.8745575
솔밭말천,37.1328588,127.8763704,37.1283103,127.8772127
송정천,36.8781447,128.0442199,36.8858626,128.0391994
쇠죽골천,37.0204163,127.8510117,37.0255294,127.8451533
수롱골천,37.1749307,127.7141797,37.1699496,127.7283439
수룡천,36.9872192,127.9282976,36.9872192,127.9282976
수월천,37.003024,127.6593964,36.9977339,127.6648364
수주천,36.9209311,127.8447599,36.8945508,127.8967666
수철천,36.9099859,128.2150584,36.9042998,128.2084378
수현천,36.9243779,127.8724112,36.9128865,127.867196
수회천,37.0519651,127.96244,37.0493587,127.9577441
숭선천,37.0266049,127.7073119,37.0111563,127.7029696
신단천,37.0292357,127.7186521,37.0220829,127.7096482
신담천,37.0720206,128.0058358,37.0723612,128.0139987
신대천,37.0609323,127.8560287,37.0785068,127.8391744
신의실천,37.0140209,127.7365256,37.0108379,127.7336331
신청천,37.0289767,127.7343016,37.0080013,127.7189486
신촌천,36.9877952,127.8569023,36.9687372,127.8517996
신흥천,37.0634772,127.7354533,37.0480114,127.732465
심방이천,37.0235686,127.7416284,37.0225901,127.7317806
쌍천천,36.8940975,127.9930107,36.9024879,127.9666127
안골천,37.0396787,127.7151313,37.048084,127.7179899
안골천,37.0241336,128.0128893,37.0308472,128.0158915
안락골천,37.0374018,127.7116131,37.0454554,127.7092788
안보천,36.819275,128.0158248,36.8384275,128.0009109
안숭선골천,37.0387172,127.7025208,37.0422312,127.7028202
안심천,36.9755013,127.9556847,36.9769321,127.9403952
야곡천,37.1128969,127.8712879,37.1112774,127.8793336
약바위천,36.9654083,127.964457,36.9703156,127.961784
양지담천,37.1107996,127.9590139,37.1088825,127.9630567
양지말천,37.067295,127.9737766,37.0647959,127.9670393
양지말천,37.1287473,127.8842914,37.1348809,127.8824555
양지천,36.9583279,127.795513,36.9639362,127.7870431
어림천,36.9781652,127.9659319,36.972503,127.963887
연동천,37.0924993,127.7789214,37.1010947,127.7887073
연수천,36.9910086,127.9520239,36.9805568,127.9067903
영죽천,37.1305461,127.7612201,37.1414075,127.7873364
영평천,36.984577,127.8051449,36.9872069,127.7966816
옥성천,37.1234707,127.9054884,37.1297912,127.9169097
올골천,37.0837239,127.7060448,37.1044756,127.7148034
옷골천,36.902215,127.9911714,36.89518,127.9893098
외상천,37.1274321,127.8415294,37.1212078,127.8455071
외촌천,37.1381058,127.8657394,37.1617184,127.8814244
외하천,37.1164062,127.8517577,37.1182038,127.8464239
요각천,36.9587189,127.9804845,36.9682914,127.9902703
요골천,37.1418183,127.7603543,37.1365128,127.7691543
용곡천,36.9986803,127.9674067,37.0199834,127.9552118
용당천,37.0516501,127.7337194,37.048835,127.7179901
용산천,37.100703,127.9163959,37.0816284,127.9071816
용수천,36.9741895,127.7412577,36.9831263,127.7452091
용암천,37.0638391,127.9338705,37.0742053,127.9319731
용전천,37.0614089,127.9648968,37.0660078,127.9632711
용천천,36.8922232,127.9839714,36.8981147,127.9778248
용하천,37.0597058,127.9302295,37.0741116,127.9316806
우리재천,37.0307422,127.752892,37.0428235,127.7560432
운교천,37.0285216,127.917514,37.0224523,127.9192116
웃광동천,37.0916161,127.987422,37.0909968,127.9815086
웃말천,37.1252442,127.7467437,37.1213629,127.743559
웅덩골천,37.0388193,127.7241942,37.0477851,127.7231588
원당천,37.145162,127.9047728,37.1417765,127.9085027
원동천,37.05569,127.8505665,37.0666076,127.8291162
원석천,37.1620099,127.7208814,37.1686345,127.7327357
원탄방천,37.0991857,127.9471778,37.0950478,127.9428847
원통천,36.8777895,127.968245,36.8738194,127.9586453
월곡천,37.0267171,128.0089424,37.0317312,128.0082734
월상천,37.0321202,127.8765386,37.0335402,127.8711415
월암천,36.9746213,127.7524224,36.9633962,127.7669626
월은천,36.9207253,127.8841935,36.8985281,127.900159
월천천,37.1101872,128.0254816,37.1097861,128.0311575
월포천,37.1140611,127.7530626,37.1093239,127.7544769
월현천,37.0823143,127.9773694,37.0770992,127.9531001
윗걸피기천,37.0437029,127.8226077,37.0376167,127.8205002
윗광벌천,36.9847938,127.6655777,36.9874556,127.6677943
윗숭선천,37.028504,127.7000619,37.0254025,127.701326
유동천,37.0101593,127.754166,37.0020917,127.7557115
유봉천,37.1545732,127.9182689,37.1382888,127.9288333
은하천,37.1484551,127.8654261,37.1526556,127.8460681
은행정천,36.8194103,127.9981159,36.8252525,128.0048079
음동천,37.0083796,127.7878407,37.0068563,127.7919531
음촌천,37.1325098,127.7791713,37.1402115,127.7853993
일곱실천,37.0060968,127.8539775,37.0046775,127.8589818
자랑골천,36.9196387,127.9785458,36.9156691,127.9863483
자사골천,36.894628,127.9086297,36.8999033,127.9041322
작은꽃지천,36.9935801,127.6853693,37.0012298,127.6828415
작은마치천,36.969018,127.8031717,36.9765528,127.8030604
잣고개천,37.0458806,127.8511956,37.0456605,127.8470765
장골천,37.1015818,127.9438115,37.0961227,127.9368884
장미산천,37.0596877,127.8626078,37.0584178,127.8721792
장성천,36.9619225,127.8349967,36.9666887,127.8373125
장재동천,36.9649893,127.8337806,36.966597,127.8416941
장터천,37.0319359,127.7297305,37.0278051,127.7323931
재오개천,36.9487968,127.9848496,36.9414432,128.0005561
절골천,36.9227912,127.9847143,36.9201375,127.9878477
절터골천,36.9649845,127.9708546,36.9713752,127.9592972
점골천,36.9943263,127.6832283,36.998908,127.6807038
조기암천,37.1319289,127.8080113,37.1304999,127.7982882
조대천,37.0971396,127.8099608,37.1003524,127.8180868
조돈천,37.0352498,127.9644186,37.0262631,127.9645817
조동천,37.0201938,127.7613002,37.0150521,127.76982
족동천,37.1069187,127.9463923,37.1033899,127.9345303
주동천,37.1375845,127.9559877,37.1369381,127.9481199
중구천,37.0422969,127.8273814,37.0437029,127.8226077
중방천,37.1786097,127.7370697,37.1918663,127.7399098
중산천,36.8606287,128.0259396,36.8814574,127.9725225
중전천,37.16044,127.7153436,37.1666804,127.7519889
중청천,37.1082859,127.8527593,37.1062286,127.8475597
중터말천,37.1063858,127.9108612,37.1032581,127.905883
쥐실천,37.0792188,127.9716591,37.0798698,127.9629528
지픈골천,37.0363445,127.7947886,37.0404094,127.7964197
직동천,37.0519906,127.699116,37.0521909,127.7100608
직동천,37.1196347,127.9432161,37.1200326,127.9280484
진골천,37.0371051,127.7986269,37.0450754,127.7960284
진대배기천,37.0205518,127.6919741,37.0175717,127.7006506
진의천,36.956401,127.9868095,36.9658427,127.9921849
짐골천,37.0514195,127.7445177,37.0459921,127.744775
참샘골천,37.0020917,127.7557115,37.0074291,127.7386774
창동천,37.0222117,127.7706616,37.0004683,127.7727256
창동천,36.9848463,127.8734011,36.9966099,127.8791175
창룡천,36.9472066,127.9576096,36.9440672,127.9565946
청양천,36.9561616,127.7946377,36.9447181,127.7747893
추평천,37.149002,127.9525391,37.1187793,127.9250408
축동천,37.0581572,127.9186066,37.0598565,127.9037672
축현천,37.1475978,127.9257507,37.1529462,127.9239553
치락천,36.9854917,127.9582353,36.9842237,127.9280417
큰꽃지천,36.9944686,127.679014,36.9999545,127.6751413
탄동천,37.0177817,128.0254652,37.0249211,128.0255894
탄방천,37.0926617,127.9470606,37.0954219,127.9328204
탑동천,36.8242826,127.9889647,36.8418696,127.9836699
텃골천,36.8804414,128.0260406,36.8784541,128.0336176
텃골천,36.9188471,127.8745,36.9099608,127.8728464
통점천,37.0300863,127.8328412,37.0333488,127.8373581
파소천,36.9342293,127.845593,36.9387025,127.8473726
품무골천,37.1104986,127.772372,37.1017916,127.7749885
풍덕천,37.002198,127.7843228,36.9852474,127.7914882
하남천,37.0722062,127.7551982,37.0431303,127.75781
하소천,37.0547652,127.8977413,37.0504965,127.8887598
하원곡천,37.0714814,127.6941952,37.0605813,127.7061755
하잠천,37.0618697,127.9084105,37.0622742,127.8929527
하청천,37.0915973,127.8523323,37.093297,127.8453174
학미천,37.150703,127.7477934,37.1753453,127.7513164
한덕이천,37.0261319,127.7229698,37.0205606,127.7313684
한두골천,36.895682,128.004494,36.9009398,128.0019519
한봉제천,37.0570613,127.932134,37.0405722,127.9262819
합천천,37.0937539,128.0465349,37.0970468,128.0518029
햇골천,36.9128426,127.9939974,36.91076,127.9842821
헌터천,37.0956199,127.8342534,37.0951515,127.8275734
호암천,36.9414355,127.9784834,36.9454437,127.9505281
홈실천,36.9035336,127.9411892,36.9089124,127.9500987
화석천,37.0227057,127.7220805,36.9697837,127.7734447
화실천,36.9126903,127.9294259,36.9182683,127.9190995
화심천,37.0186713,127.7366517,37.0201483,127.7319632
효죽천,37.0472749,127.7851636,37.0429492,127.7860412
후등골천,37.1083876,127.8897417,37.1017076,127.8926878
흑평천,36.9750092,127.8367611,36.9737464,127.8336863
가화천,35.1756999,128.1177973,35.1064031,128.0592815
미곡천,35.3073865,128.1117555,35.3504906,128.0559047
안간천,35.3073865,128.1117555,35.3073865,128.1117555
안국천,35.3073865,128.1117555,35.3073865,128.1117555
정촌천,35.3073865,128.1117555,35.3073865,128.1117555
효자천,35.3073865,128.1117555,35.3073865,128.1117555
추계천,35.3073865,128.1117555,35.3073865,128.1117555
자매천,35.2032474,127.9299531,35.2032474,127.9299531
오미천,35.2548527,128.0210571,35.2548527,128.0210571
실미천,35.2548527,128.0210571,35.2548527,128.0210571
내촌천,35.2032474,127.9299531,35.2032474,127.9299531
수곡천,35.2032474,127.9299531,35.2032474,127.9299531
대천천,35.2032474,127.9299531,35.2032474,127.9299531
판문천,35.2548527,128.0210571,35.1696401,128.0531564
독산천,35.1436568,128.0409069,35.1436568,128.0409069
나불천,35.2548527,128.0210571,35.1887433,128.0772613
덕곡천,35.2548527,128.0210571,35.2548527,128.0210571
왕지천,35.2548527,128.0210571,35.2548527,128.0210571
우수천,35.2548527,128.0210571,35.2548527,128.0210571
용산천,35.2548527,128.0210571,35.2548527,128.0210571
사촌천,35.2533059,128.0870418,35.2533059,128.0870418
가좌천,35.1273071,128.1137382,35.1273071,128.1137382
죽곡천,35.1042527,128.1880753,35.1042527,128.1880753
검암천,35.1042527,128.1880753,35.1042527,128.1880753
인담천,35.1042527,128.1880753,35.1042527,128.1880753
정자천,35.1571141,128.1815114,35.1042527,128.1880753
송곡천,35.1042527,128.1880753,35.1042527,128.1880753
문산천,35.1571141,128.1815114,35.1571141,128.1815114
갈전천,35.2095354,128.158211,35.2095354,128.158211
용아천,35.2095354,128.158211,35.2095354,128.158211
하촌천,35.2533059,128.0870418,35.2533059,128.0870418
지내천,35.2533059,128.0870418,35.2533059,128.0870418
정수천,35.2533059,128.0870418,35.2533059,128.0870418
냉정천,35.2533059,128.0870418,35.2533059,128.0870418
향양천,35.3073865,128.1117555,35.2631171,128.1760277
어옥천,35.3073865,128.1117555,35.3073865,128.1117555
오방천,35.3073865,128.1117555,35.3073865,128.1117555
현지천,35.2095354,128.158211,35.2095354,128.158211
대곡천,35.2631171,128.1760277,35.2631171,128.1760277
와룡천,35.2631171,128.1760277,35.2631171,128.1760277
반성천,35.1649914,128.3346509,35.1995699,128.2782008
대산천,35.1649914,128.3346509,35.1649914,128.3346509
장안천,35.156493,128.2849014,35.1649914,128.3346509
진성천,35.156493,128.2849014,35.156493,128.2849014
대천,35.1995699,128.2782008,35.1995699,128.2782008
중촌천,35.1748816,128.2301025,35.1748816,128.2301025
마성천,35.1995699,128.2782008,35.1995699,128.2782008
대필천,35.2356503,128.2635322,35.2356503,128.2635322
대방천,35.2631171,128.1760277,35.2631171,128.1760277
지수천,35.2356503,128.2635322,35.2356503,128.2635322
대방천,35.2631171,128.1760277,35.2631171,128.1760277
중선포천,35.1273071,128.1137382,35.1064031,128.0592815
소곡천,35.1273071,128.1137382,35.1273071,128.1137382
화개천,35.1273071,128.1137382,35.1273071,128.1137382
대축천,35.1273071,128.1137382,35.1273071,128.1137382
동락천,37.7493151,126.4788003,37.7334851,126.5156502
선행천,37.7267266,126.4684036,37.7373086,126.4932652
삼동암천,37.696301,126.4709655,37.6906879,126.5184724
온수천,37.6455975,126.4989874,37.6655264,126.5306007
인산천,37.695892,126.4233438,37.6898989,126.3992296
삼흥천,37.685866,126.4189742,37.6910789,126.390809
길정천,37.6517018,126.4685275,37.6068266,126.4789931
내가천,37.7242269,126.3909979,37.7489522,126.3735169
삼거천,37.7729431,126.3886479,37.7683346,126.3572526
덕하천,37.8125543,126.4420104,37.8196361,126.4373426
교산천,37.7996088,126.3950015,37.7979718,126.3953013
덕교천,37.6309425,126.4501129,37.619405,126.4244246
숭릉천,37.779696,126.458077,37.7823087,126.4982535
다송천,37.779696,126.458077,37.7799248,126.4588647
남오천,37.7561914,126.5160925,37.7529451,126.4878707
옹기천,35.6240513,128.202364,35.6240513,128.202364
청련천,37.7428406,126.4601286,37.7455733,126.4491464
창곡천,37.7065047,126.4433977,37.7065047,126.4433977
평촌천,37.7016046,126.4561424,37.7035215,126.438998
매재이천,37.7128307,126.4566754,37.7080189,126.4588722
길직천,37.6455975,126.4989874,37.6704297,126.4729364
단자천,37.6429444,126.4927735,37.6391161,126.4815725
쑥밭2천,37.6235725,126.4939002,37.6376815,126.4706683
산뒤천,37.6004329,126.4947661,37.603504,126.4981319
큰말천,37.63869,126.5295418,37.6296891,126.5121396
넘언천,37.607234,126.5145103,37.6082613,126.5115415
매몰천,37.6424002,126.4025931,37.6324011,126.3992175
문산천,37.6451873,126.4313872,37.6317659,126.4298849
하우천,37.6774842,126.4026526,37.7065047,126.4433977
문현천,37.6628333,126.4654618,37.6701765,126.4576231
능안천,37.6516338,126.4195612,37.6591649,126.4303058
연내천,37.6579398,126.4102027,37.6606866,126.4250598
존강천,37.6892881,126.4046433,37.6908052,126.4120404
신선천,37.723049,126.4057899,37.7202031,126.4087191
현천,37.719998,126.3923228,37.7174728,126.3836565
고려산천,37.7317792,126.4238798,37.7363706,126.4265885
목숙천,37.7648185,126.4351211,37.7648185,126.4351211
세종천,37.7688319,126.4177768,37.7599774,126.4275768
서촌천,37.7636266,126.3928563,37.7487231,126.3979701
개울달천,37.8000926,126.4156333,37.7936365,126.4124885
배우천,37.7947535,126.3910001,37.7893842,126.3906114
짓절미천,37.7947535,126.3910001,37.7963497,126.3736967
인화천,37.7854821,126.3539903,37.7892931,126.3712497
오류상천,37.7726325,126.451655,37.7612305,126.4515838
내곡천,37.8016554,126.4557813,37.79756,126.441951
귀리안천,37.7132413,126.2871523,37.7019446,126.302973
은당골천,37.6675016,126.340038,37.6707917,126.3454035
갯골천,35.5682379,128.1636798,35.607727,128.1394841
상동천,37.6719837,126.333441,37.6776688,126.3379031
국화천,37.7444007,126.4790935,37.7466676,126.4696857
선행천,37.7259515,126.4678057,37.7261977,126.4570767
고비천,37.7425597,126.4608743,37.7370629,126.4460536
신도현천,37.7016046,126.4561424,37.6894487,126.4520364
장안천,37.6453667,126.4990486,37.6313434,126.4936773
쑥밭1천,37.6227708,126.4934238,37.6224701,126.4920066
고부천,37.7238936,126.4059498,37.7343001,126.4305762
수영강,35.1729616,129.1047043,35.1597153,129.1255812
대명천,35.8389938,128.5566192,35.8151289,128.5040126
진천천,35.7949355,128.5572017,35.8146966,128.5070991
삼봉천,37.4007079,126.8902014,37.4007079,126.8902014
황구지천,37.3067049,126.9473965,37.2289609,127.0140179
서호천,37.3286475,126.9948357,37.2345472,126.9887782
영화천,37.30192,126.9947539,37.2937712,126.98926
수원천,37.3337924,127.0159491,37.2266198,127.0222997
광교천,37.3236441,127.027727,37.3157246,127.018906
원천리천,37.2936129,127.0762657,37.2668559,126.9684225
여천,37.3128078,127.0520108,37.2621818,127.0610188
웃파장천,37.3195314,127.0033309,37.3130383,126.9991731
이목천,37.3252829,126.9741353,37.3121667,126.982138
송죽천,37.3154931,127.0079181,37.3088879,127.0044877
조원천,37.3128446,127.0145387,37.3129182,127.0147749
매산천,37.2636237,127.0008635,37.255369,126.9932967
창사천,37.3399167,127.0151292,37.3348061,127.0097272
창사하천,37.3300242,127.0225861,37.3304762,127.0154888
복골천,37.3268416,127.0110481,37.3234625,127.0150561
은행천,37.4517466,126.8121631,37.4035457,126.7769261
문암골천,37.3133706,127.0297965,37.3073796,127.0274236
장다리천,37.248615,127.0181044,37.2337175,127.0186655
호매실천,37.262802,126.9407684,37.2592801,126.9672484
금곡천,37.266794,126.9368407,37.273063,126.9609262
일월천,37.2860811,126.9717946,37.2768231,126.9642677
율전천,37.3117554,126.9706729,37.3041166,126.9702102
당수천,37.2814463,126.9412177,37.2873012,126.9497199
오룡골천,37.2910696,126.9359443,37.2896601,126.949212
쇠죽골천,37.3149972,127.0413327,37.3002743,127.0479802
아래쇠죽골천,37.302009,127.0385007,37.3000684,127.0480576
동녁쇠죽골천,37.3106298,127.0360061,37.3057591,127.0386477
성죽천,37.3108855,127.04395,37.3064511,127.0465595
절골천,37.3064511,127.0465595,37.3064511,127.0465595
산의천,37.2964696,127.0409063,37.294674,127.0497062
산의실천,37.2986593,127.0583308,37.2949433,127.0563049
우시장천,37.2435745,127.0273513,37.2301328,127.0234386
안성천,36.994716,127.1736266,36.994716,127.1736266
청미천,37.0983444,127.4687431,37.0983444,127.4687431
율곡천,37.0678742,127.366648,37.0678742,127.366648
방초천,37.0983444,127.4687431,37.0983444,127.4687431
죽산천,37.0678742,127.366648,37.0486763,127.4218358
금강,35.7920364,127.427288,36.0166355,126.7486725
강경천,36.118328,127.0261963,36.1526636,127.0183292
만경강,35.9902218,127.2286245,35.8634855,126.7284188
동면천,35.9830709,127.082046,35.9641159,127.0631339
망동천,36.0093183,127.0296173,35.9911631,127.0190545
기양천,36.0217104,127.0261501,35.9941512,126.9566803
탑천,36.0147465,127.0480559,35.920063,126.844998
호월천,36.045896,127.1078694,36.0287719,127.0904251
부상천,36.0152948,127.0758025,35.9558827,127.0504605
목천포천,35.9488365,127.0141021,35.9142001,126.9441567
송천,36.0800152,126.9047745,36.0909623,126.887138
해지천,36.0427084,126.8778466,36.0516118,126.879793
익산천,36.018087,127.0521247,35.8982715,127.0269119
산북천,36.0497753,127.0357831,36.1184976,126.9545232
고창천,36.0907546,126.8955339,36.0909623,126.887138
죽청천,36.0362574,127.0233434,36.0603932,127.0208681
강경천,36.0236414,127.0804882,36.1218369,127.0479638
어량천,36.0526575,127.0524208,36.118328,127.0261963
함열천,36.055135,126.9508495,36.1046063,126.9480987
두동천,36.102468,126.9229332,36.1271736,126.9226679
대조천,36.1115273,127.014283,36.1136696,126.9851809
왕궁천,36.0239876,127.1105646,35.9384133,127.04985
황동천,36.0019074,127.063353,36.0012066,127.0569711
창동천,35.9604791,127.036416,35.9347625,127.041543
은천,36.1478694,126.9674382,36.1221753,126.9553989
오산천,35.9560905,126.8930726,35.9130791,126.9002631
마산천,36.118328,127.0261963,36.118328,127.0261963
마산천,35.8052481,127.0310353,35.8905857,126.9953183
중신천,36.1195116,126.9622599,36.1195116,126.9622599
나암천,36.1347221,126.9947064,36.1347221,126.9947064
목감천,37.4421012,126.831755,37.3953335,126.8565501
신천,37.4531735,126.7996144,37.4165377,126.7660294
보통천,37.3821149,126.8516816,37.3720403,126.8366907
장현천,37.3888965,126.8057982,37.3825212,126.7835285
계수천,37.4421012,126.831755,37.4421012,126.831755
금양천,35.6337326,128.1635135,35.6010345,128.1657677
내곡천,35.6360181,128.1526383,35.6337326,128.1635135
계림천,35.5929796,128.1407882,35.5658724,128.1599955
합천천,35.608422,128.0959806,35.5785076,128.1609814
외곡천,35.6310792,128.1396852,35.5929796,128.1407882
김봉천,35.6287086,128.0690943,35.6241182,128.0383568
노곡천,35.2544411,126.9447515,35.5886142,127.9761433
광산천,35.6344249,128.1078721,35.6483797,128.1291899
팔심천,35.6311843,128.0946599,35.65383,128.0794983
묘산천,35.65383,128.0794983,35.687201,128.1697174
청현천,35.7077385,128.121045,35.7077385,128.121045
매화천,35.7515857,128.1221601,37.2891308,127.4530256
이천천,35.7609532,128.0671645,35.7325898,128.1540278
성기천,35.7097057,128.0933346,35.7278408,128.1030744
가야천,35.7994742,128.0850588,35.687201,128.1697174
하빈천,35.7236122,128.1874449,35.7046178,128.1846467
월광천,35.7448334,128.1738632,35.7325898,128.1540278
묵촌천,35.7015893,128.1449843,35.687201,128.1697174
낙민천,35.5759547,128.2340348,35.5759547,128.2340348
영전천,35.5597523,128.214468,35.5597523,128.214468
본천천,35.5486421,128.1978068,35.5688472,128.1915328
율곡천,35.595089,128.2080352,35.5847005,128.2067878
원당천,35.5359516,128.230827,35.5507536,128.2647882
유하천,35.5157006,128.2499676,35.5507536,128.2647882
산내천,35.55217,128.2361491,35.5655199,128.3000939
성산천,35.6072918,128.279744,35.5802012,128.283613
상포천,35.5853614,128.2700934,35.5802012,128.283613
사양천,35.6237103,128.2738319,35.6050315,128.2573064
상신천,35.6389688,128.2523513,35.621687,128.2494297
덕곡천,35.6387042,128.2926667,35.6094084,128.3534547
포두천,35.6378252,128.3426637,35.6245245,128.3543442
초곡천,35.5208052,128.323971,35.5130235,128.3584442
대부천,35.5391579,128.3378247,35.5391579,128.3378247
미곡천,35.6131457,128.3024517,35.5768019,128.3359689
성태천,35.5855229,128.3181025,35.5855229,128.3181025
하회천,35.5506925,128.3165722,35.5595643,128.3307311
상부천,35.5389785,128.2662992,35.5500696,128.2857243
누하천,35.5209616,128.2730837,35.5408739,128.2482816
옥두천,35.539708,128.2853788,35.5464936,128.3015149
덕암천,35.513024,128.1784366,35.5025842,128.1724471
무곡천,35.523554,128.2017464,35.523554,128.2017464
안금천,35.4895452,128.1902112,35.5025842,128.1724471
장자천,35.513024,128.1784366,35.513024,128.1784366
아천,35.5112197,128.1873143,35.5494275,128.1679193
신반천,35.5042198,128.2160332,35.319437,128.2588483
양천,35.4749009,128.156821,35.3045758,127.9832
대현천,35.4498605,128.1980978,35.4419187,128.1469034
외초천,35.4548242,128.1546238,35.4252261,128.1401612
유린천,35.4113169,128.176503,35.4132752,128.1122324
하신천,35.4603363,128.1275407,35.4603363,128.1275407
죽전천,35.4707078,128.0933934,35.4495039,128.1208476
백역천,35.4825318,128.1223411,35.4684267,128.1406375
대곡천,35.4548242,128.1546238,35.4369897,128.170144
하판천,35.4363922,128.1122173,35.4142434,128.0984721
문송천,35.4363922,128.1122173,35.4142434,128.0984721
용흥천,35.3970946,128.1489754,35.388579,128.1188495
신전천,35.383901,128.1869648,35.408079,128.1304127
마쌍천,35.3709982,128.1118977,35.3802141,128.097629
오도천,35.452069,128.0250498,35.4350043,128.0313309
도탄천,35.4741396,128.0308821,35.4529636,128.0595165
학리천,35.4348758,128.0745186,35.4101291,128.0656546
가회천,35.4850539,128.0025578,35.4245364,128.0365334
신등천,35.4529636,128.0595165,35.4245364,128.0365334
황계천,35.4788566,128.0571317,35.5508397,128.1252977
금성천,35.4741396,128.0308821,35.5447935,128.0338738
하금천,35.5192571,127.9848566,35.5418372,127.9939743
회양천,35.5174455,128.0164633,35.5174455,128.0164633
유전천,35.5377895,127.9676428,35.5418372,127.9939743
성천,35.5270918,128.0104276,35.5270918,128.0104276
용지천,35.5299293,128.0962276,35.5461061,128.1031266
우곡천,35.5747776,128.0756927,35.5461061,128.1031266
방곡천,35.5776949,128.0982532,35.5779969,128.1186892
월평천,35.5779969,128.1186892,35.5779969,128.1186892
공암천,35.4899377,128.0941171,35.5075988,128.1114837
팔산천,35.5269739,128.143994,35.5171977,128.1289968
아천천,35.5366009,128.1823129,35.5366009,128.1823129
소례4천,35.6043083,128.3257194,35.6043083,128.3257194
가리목천,35.605193,128.1848917,35.605193,128.1848917
백역1천,35.4825318,128.1223411,35.4825318,128.1223411
정골천,35.6289,128.2229184,35.6289,128.2229184
내가천,35.5394489,128.100197,35.5394489,128.100197
가재천,35.6406577,128.1849286,35.6406577,128.1849286
솟구마골천,35.5929796,128.1407882,35.5929796,128.1407882
이계1천,35.5112197,128.1873143,35.5112197,128.1873143
서재천,35.6723713,128.1115564,35.6723713,128.1115564
대목천,35.5229107,128.162995,35.5229107,128.162995
동곡천,35.4576265,127.9960418,35.4576265,127.9960418
외초1천,35.4113169,128.176503,35.4113169,128.176503
기시기천,35.595089,128.2080352,35.595089,128.2080352
영등천,35.7518148,128.1504525,35.7325898,128.1540278
아막천,35.5623574,128.2716271,35.5507536,128.2647882
월평1천,35.5779969,128.1186892,35.5779969,128.1186892
송정천,35.6131457,128.3024517,35.6131457,128.3024517
무곡천,35.513024,128.1784366,35.513024,128.1784366
금평1천,35.7046178,128.1846467,35.7046178,128.1846467
동막천,35.5075988,128.1114837,35.5075988,128.1114837
각사천,35.5366009,128.1823129,35.7654813,128.1193914
먹망천,35.7547813,128.0934472,35.7331245,128.0770431
모전천,35.6311843,128.0946599,35.6311843,128.0946599
상청계천,35.7014594,128.1966995,35.7014594,128.1966995
율원3천,35.6387042,128.2926667,35.6387042,128.2926667
상동2천,35.5269739,128.143994,35.5269739,128.143994
구만천,35.5776949,128.0982532,35.5776949,128.0982532
대목2천,35.5229107,128.162995,35.5229107,128.162995
영전벽전천,35.5597523,128.214468,35.5597523,128.214468
창동2천,35.6389688,128.2523513,35.621687,128.2494297
박실천(구.중문천),35.4363922,128.1122173,35.4363922,128.1122173
윗산천,35.7994742,128.0850588,35.7994742,128.0850588
도동천,35.7015893,128.1449843,35.7015893,128.1449843
웅기천,35.6619585,128.110661,35.6619585,128.110661
평촌천,35.6619585,128.110661,35.6619585,128.110661
중두심천,35.4850539,128.0025578,35.4850539,128.0025578
사동천,35.5025842,128.1724471,35.5025842,128.1724471
남암천1,35.513024,128.1784366,35.513024,128.1784366
이곡천,35.5229107,128.162995,35.5229107,128.162995
상낭골천,35.5929796,128.1407882,35.5929796,128.1407882
절터천,35.6337326,128.1635135,35.6337326,128.1635135
소사천,35.607727,128.1394841,35.607727,128.1394841
텃골천,35.607727,128.1394841,35.607727,128.1394841
점골천1,35.6240513,128.202364,35.6240513,128.202364
수실천,35.5486421,128.1978068,35.5486421,128.1978068
택리천,35.55217,128.2361491,35.55217,128.2361491
새터천1,35.5208052,128.323971,35.5208052,128.323971
중문1천,35.4449928,128.090821,35.4449928,128.090821
그음재천,35.4348758,128.0745186,35.4348758,128.0745186
개재천,35.4529636,128.0595165,35.4529636,128.0595165
부치골천,35.452069,128.0250498,35.452069,128.0250498
감바위천,35.4192006,128.0058735,35.4192006,128.0058735
시내암천,35.7285482,128.1377208,35.7285482,128.1377208
사북천,35.6619585,128.110661,35.6483797,128.1291899
지문천,35.7518148,128.1504525,35.7518148,128.1504525
하청계천,35.7014594,128.1966995,35.7014594,128.1966995
상현천,35.6422548,128.0261549,35.6422548,128.0261549
상두심천,35.4850539,128.0025578,35.4850539,128.0025578
용덕천,35.5461061,128.1031266,35.5461061,128.1031266
안금1천,35.4895452,128.1902112,35.4895452,128.1902112
영화동천,35.608422,128.0959806,35.608422,128.0959806
안터천1,35.6163741,128.1220552,35.6163741,128.1220552
남암천2,35.6163741,128.1220552,35.6163741,128.1220552
남박골천,35.5929796,128.1407882,35.5929796,128.1407882
종강천,35.5774333,128.1820213,35.5774333,128.1820213
가산천,35.6360181,128.1526383,35.6360181,128.1526383
신소양천,35.5785076,128.1609814,35.5785076,128.1609814
어리실천,35.607727,128.1394841,35.607727,128.1394841
오가리천,35.595089,128.2080352,35.595089,128.2080352
도방4천,35.6090833,128.26952,35.6389688,128.2523513
당산2천,35.5464936,128.3015149,35.5464936,128.3015149
장전천1,35.4749009,128.156821,35.4749009,128.156821
돗골천,35.4252261,128.1401612,35.4252261,128.1401612
가등천,35.4741396,128.0308821,35.4741396,128.0308821
초막천,35.7600327,128.0986933,35.7994742,128.0850588
죽전지천,35.7609532,128.0671645,35.7609532,128.0671645
나부천,35.7097057,128.0933346,35.7097057,128.0933346
오리천,35.7278408,128.1030744,35.7278408,128.1030744
오전천,35.7077385,128.121045,35.7077385,128.121045
우복천,35.7046178,128.1846467,35.7046178,128.1846467
반포천,35.65383,128.0794983,35.65383,128.0794983
산제천,35.6667247,128.095727,35.6667247,128.095727
산곳천,35.6407093,128.1193826,35.6407093,128.1193826
화양천,35.6871635,128.1348087,35.6871635,128.1348087
율원1천,35.6387042,128.2926667,35.6387042,128.2926667
율원5천,35.7821533,128.203397,35.6387042,128.2926667
소례3천,35.6043083,128.3257194,35.6043083,128.3257194
죽방천,35.5394489,128.100197,35.5394489,128.100197
책계천,35.5067727,128.076067,35.5067727,128.076067
관류천,35.5776949,128.0982532,35.5776949,128.0982532
도리4천,35.5006955,128.1432135,35.5006955,128.1432135
절골천,35.5929796,128.1407882,35.5929796,128.1407882
